{"owner":{"displayName":"Data Lake Administrator","email":null,"enabled":true,"groups":["admin","user"],"systemName":"dladmin"},"allowedActions":{"actions":[{"systemName":"accessTemplate","actions":[{"systemName":"editTemplate"},{"systemName":"deleteTemplate"},{"systemName":"exportTemplate"},{"systemName":"createFeedFromTemplate"},{"systemName":"changeTemplatePermissions"}]}]},"roleMemberships":[],"feedRoleMemberships":[],"properties":[{"processGroupName":"NiFi Flow","processorName":"ConsumeKafka","processorId":"6d8ee10e-45b3-3b52-b2b6-b08adea124fa","processGroupId":"19823ee0-7d64-1370-ffff-ffffd2db3ebe","processorType":"org.apache.nifi.processors.kafka.pubsub.ConsumeKafka","key":"auto.offset.reset","value":"latest","expressionProperties":null,"propertyDescriptor":{"name":"auto.offset.reset","displayName":"Offset Reset","description":"Allows you to manage the condition when there is no initial offset in Kafka or if the current offset does not exist any more on the server (e.g. because that data has been deleted). Corresponds to Kafka's 'auto.offset.reset' property.","defaultValue":"latest","allowableValues":[{"displayName":"earliest","value":"earliest","description":"Automatically reset the offset to the earliest offset"},{"displayName":"latest","value":"latest","description":"Automatically reset the offset to the latest offset"},{"displayName":"none","value":"none","description":"Throw exception to the consumer if no previous offset is found for the consumer's group"}],"required":true,"sensitive":false,"dynamic":false,"supportsEl":false,"identifiesControllerService":null,"hidden":false},"templateValue":"latest","userEditable":true,"renderType":"select","renderOptions":{},"selected":true,"inputProperty":true,"containsConfigurationVariables":false,"sensitive":false,"required":true,"templateProperty":null,"hidden":false,"processorNameTypeKey":"ConsumeKafka-org.apache.nifi.processors.kafka.pubsub.ConsumeKafka-auto.offset.reset","remoteProcessGroupProperty":false,"nameKey":"NiFi Flow-ConsumeKafka-auto.offset.reset","idKey":"19823ee0-7d64-1370-ffff-ffffd2db3ebe-6d8ee10e-45b3-3b52-b2b6-b08adea124fa-auto.offset.reset"},{"processGroupName":"NiFi Flow","processorName":"ConsumeKafka","processorId":"6d8ee10e-45b3-3b52-b2b6-b08adea124fa","processGroupId":"19823ee0-7d64-1370-ffff-ffffd2db3ebe","processorType":"org.apache.nifi.processors.kafka.pubsub.ConsumeKafka","key":"bootstrap.servers","value":"nifi-staging.novalocal:9092","expressionProperties":null,"propertyDescriptor":{"name":"bootstrap.servers","displayName":"Kafka Brokers","description":"A comma-separated list of known Kafka Brokers in the format <host>:<port>","defaultValue":"localhost:9092","allowableValues":null,"required":true,"sensitive":false,"dynamic":false,"supportsEl":true,"identifiesControllerService":null,"hidden":false},"templateValue":"nifi-staging.novalocal:9092","userEditable":true,"renderType":"text","renderOptions":{},"selected":true,"inputProperty":true,"containsConfigurationVariables":false,"sensitive":false,"required":true,"templateProperty":null,"hidden":false,"processorNameTypeKey":"ConsumeKafka-org.apache.nifi.processors.kafka.pubsub.ConsumeKafka-bootstrap.servers","remoteProcessGroupProperty":false,"nameKey":"NiFi Flow-ConsumeKafka-bootstrap.servers","idKey":"19823ee0-7d64-1370-ffff-ffffd2db3ebe-6d8ee10e-45b3-3b52-b2b6-b08adea124fa-bootstrap.servers"},{"processGroupName":"NiFi Flow","processorName":"ConsumeKafka","processorId":"6d8ee10e-45b3-3b52-b2b6-b08adea124fa","processGroupId":"19823ee0-7d64-1370-ffff-ffffd2db3ebe","processorType":"org.apache.nifi.processors.kafka.pubsub.ConsumeKafka","key":"group.id","value":"1","expressionProperties":null,"propertyDescriptor":{"name":"group.id","displayName":"Group ID","description":"A Group ID is used to identify consumers that are within the same consumer group. Corresponds to Kafka's 'group.id' property.","defaultValue":null,"allowableValues":null,"required":true,"sensitive":false,"dynamic":false,"supportsEl":false,"identifiesControllerService":null,"hidden":false},"templateValue":null,"userEditable":true,"renderType":"text","renderOptions":{},"selected":true,"inputProperty":true,"containsConfigurationVariables":false,"sensitive":false,"required":true,"templateProperty":null,"hidden":false,"processorNameTypeKey":"ConsumeKafka-org.apache.nifi.processors.kafka.pubsub.ConsumeKafka-group.id","remoteProcessGroupProperty":false,"nameKey":"NiFi Flow-ConsumeKafka-group.id","idKey":"19823ee0-7d64-1370-ffff-ffffd2db3ebe-6d8ee10e-45b3-3b52-b2b6-b08adea124fa-group.id"},{"processGroupName":"NiFi Flow","processorName":"ConsumeKafka","processorId":"6d8ee10e-45b3-3b52-b2b6-b08adea124fa","processGroupId":"19823ee0-7d64-1370-ffff-ffffd2db3ebe","processorType":"org.apache.nifi.processors.kafka.pubsub.ConsumeKafka","key":"key-attribute-encoding","value":"utf-8","expressionProperties":null,"propertyDescriptor":{"name":"key-attribute-encoding","displayName":"Key Attribute Encoding","description":"FlowFiles that are emitted have an attribute named 'kafka.key'. This property dictates how the value of the attribute should be encoded.","defaultValue":"utf-8","allowableValues":[{"displayName":"UTF-8 Encoded","value":"utf-8","description":"The key is interpreted as a UTF-8 Encoded string."},{"displayName":"Hex Encoded","value":"hex","description":"The key is interpreted as arbitrary binary data and is encoded using hexadecimal characters with uppercase letters"}],"required":true,"sensitive":false,"dynamic":false,"supportsEl":false,"identifiesControllerService":null,"hidden":false},"templateValue":"utf-8","userEditable":true,"renderType":"select","renderOptions":{},"selected":true,"inputProperty":true,"containsConfigurationVariables":false,"sensitive":false,"required":true,"templateProperty":null,"hidden":false,"processorNameTypeKey":"ConsumeKafka-org.apache.nifi.processors.kafka.pubsub.ConsumeKafka-key-attribute-encoding","remoteProcessGroupProperty":false,"nameKey":"NiFi Flow-ConsumeKafka-key-attribute-encoding","idKey":"19823ee0-7d64-1370-ffff-ffffd2db3ebe-6d8ee10e-45b3-3b52-b2b6-b08adea124fa-key-attribute-encoding"},{"processGroupName":"NiFi Flow","processorName":"ConsumeKafka","processorId":"6d8ee10e-45b3-3b52-b2b6-b08adea124fa","processGroupId":"19823ee0-7d64-1370-ffff-ffffd2db3ebe","processorType":"org.apache.nifi.processors.kafka.pubsub.ConsumeKafka","key":"sasl.kerberos.service.name","value":null,"expressionProperties":null,"propertyDescriptor":{"name":"sasl.kerberos.service.name","displayName":"Kerberos Service Name","description":"The Kerberos principal name that Kafka runs as. This can be defined either in Kafka's JAAS config or in Kafka's config. Corresponds to Kafka's 'security.protocol' property.It is ignored unless one of the SASL options of the <Security Protocol> are selected.","defaultValue":null,"allowableValues":null,"required":false,"sensitive":false,"dynamic":false,"supportsEl":false,"identifiesControllerService":null,"hidden":false},"templateValue":null,"userEditable":false,"renderType":"text","renderOptions":{},"selected":true,"inputProperty":true,"containsConfigurationVariables":false,"sensitive":false,"required":false,"templateProperty":null,"hidden":false,"processorNameTypeKey":"ConsumeKafka-org.apache.nifi.processors.kafka.pubsub.ConsumeKafka-sasl.kerberos.service.name","remoteProcessGroupProperty":false,"nameKey":"NiFi Flow-ConsumeKafka-sasl.kerberos.service.name","idKey":"19823ee0-7d64-1370-ffff-ffffd2db3ebe-6d8ee10e-45b3-3b52-b2b6-b08adea124fa-sasl.kerberos.service.name"},{"processGroupName":"NiFi Flow","processorName":"ConsumeKafka","processorId":"6d8ee10e-45b3-3b52-b2b6-b08adea124fa","processGroupId":"19823ee0-7d64-1370-ffff-ffffd2db3ebe","processorType":"org.apache.nifi.processors.kafka.pubsub.ConsumeKafka","key":"security.protocol","value":"PLAINTEXT","expressionProperties":null,"propertyDescriptor":{"name":"security.protocol","displayName":"Security Protocol","description":"Protocol used to communicate with brokers. Corresponds to Kafka's 'security.protocol' property.","defaultValue":"PLAINTEXT","allowableValues":[{"displayName":"PLAINTEXT","value":"PLAINTEXT","description":"PLAINTEXT"},{"displayName":"SSL","value":"SSL","description":"SSL"},{"displayName":"SASL_PLAINTEXT","value":"SASL_PLAINTEXT","description":"SASL_PLAINTEXT"},{"displayName":"SASL_SSL","value":"SASL_SSL","description":"SASL_SSL"}],"required":true,"sensitive":false,"dynamic":false,"supportsEl":false,"identifiesControllerService":null,"hidden":false},"templateValue":"PLAINTEXT","userEditable":true,"renderType":"select","renderOptions":{},"selected":true,"inputProperty":true,"containsConfigurationVariables":false,"sensitive":false,"required":true,"templateProperty":null,"hidden":false,"processorNameTypeKey":"ConsumeKafka-org.apache.nifi.processors.kafka.pubsub.ConsumeKafka-security.protocol","remoteProcessGroupProperty":false,"nameKey":"NiFi Flow-ConsumeKafka-security.protocol","idKey":"19823ee0-7d64-1370-ffff-ffffd2db3ebe-6d8ee10e-45b3-3b52-b2b6-b08adea124fa-security.protocol"},{"processGroupName":"NiFi Flow","processorName":"ConsumeKafka","processorId":"6d8ee10e-45b3-3b52-b2b6-b08adea124fa","processGroupId":"19823ee0-7d64-1370-ffff-ffffd2db3ebe","processorType":"org.apache.nifi.processors.kafka.pubsub.ConsumeKafka","key":"ssl.context.service","value":"140e4953-0165-1000-ffff-ffff9ac2f379","expressionProperties":null,"propertyDescriptor":{"name":"ssl.context.service","displayName":"SSL Context Service","description":"Specifies the SSL Context Service to use for communicating with Kafka.","defaultValue":null,"allowableValues":[{"displayName":"StandardSSLContextService","value":"140e4953-0165-1000-ffff-ffff9ac2f379","description":null}],"required":false,"sensitive":false,"dynamic":false,"supportsEl":false,"identifiesControllerService":"org.apache.nifi.ssl.SSLContextService","hidden":false},"templateValue":null,"userEditable":true,"renderType":"select","renderOptions":{"selectCustom":"false"},"selected":true,"inputProperty":true,"containsConfigurationVariables":false,"sensitive":false,"required":false,"templateProperty":null,"hidden":false,"processorNameTypeKey":"ConsumeKafka-org.apache.nifi.processors.kafka.pubsub.ConsumeKafka-ssl.context.service","remoteProcessGroupProperty":false,"nameKey":"NiFi Flow-ConsumeKafka-ssl.context.service","idKey":"19823ee0-7d64-1370-ffff-ffffd2db3ebe-6d8ee10e-45b3-3b52-b2b6-b08adea124fa-ssl.context.service"},{"processGroupName":"NiFi Flow","processorName":"ConsumeKafka","processorId":"6d8ee10e-45b3-3b52-b2b6-b08adea124fa","processGroupId":"19823ee0-7d64-1370-ffff-ffffd2db3ebe","processorType":"org.apache.nifi.processors.kafka.pubsub.ConsumeKafka","key":"topic","value":null,"expressionProperties":null,"propertyDescriptor":{"name":"topic","displayName":"Topic Name(s)","description":"The name of the Kafka Topic(s) to pull from. More than one can be supplied if comma separated.","defaultValue":null,"allowableValues":null,"required":true,"sensitive":false,"dynamic":false,"supportsEl":true,"identifiesControllerService":null,"hidden":false},"templateValue":null,"userEditable":true,"renderType":"text","renderOptions":{},"selected":true,"inputProperty":true,"containsConfigurationVariables":false,"sensitive":false,"required":true,"templateProperty":null,"hidden":false,"processorNameTypeKey":"ConsumeKafka-org.apache.nifi.processors.kafka.pubsub.ConsumeKafka-topic","remoteProcessGroupProperty":false,"nameKey":"NiFi Flow-ConsumeKafka-topic","idKey":"19823ee0-7d64-1370-ffff-ffffd2db3ebe-6d8ee10e-45b3-3b52-b2b6-b08adea124fa-topic"},{"processGroupName":"NiFi Flow","processorName":"TriggerCleanup","processorId":"a05307c8-845e-38d4-9f13-25652797789b","processGroupId":"19823ee0-7d64-1370-ffff-ffffd2db3ebe","processorType":"com.thinkbiganalytics.nifi.v2.metadata.TriggerCleanup","key":"Feed Cleanup Event Service","value":"a2672b34-0164-1000-0000-0000421d02f1","expressionProperties":null,"propertyDescriptor":{"name":"Feed Cleanup Event Service","displayName":"Feed Cleanup Event Service","description":"Service that manages the cleanup of feeds.","defaultValue":null,"allowableValues":[{"displayName":"Kylo Cleanup Service","value":"a2672b34-0164-1000-0000-0000421d02f1","description":null}],"required":true,"sensitive":false,"dynamic":false,"supportsEl":false,"identifiesControllerService":"com.thinkbiganalytics.nifi.core.api.cleanup.CleanupEventService","hidden":false},"templateValue":"acf1e048-42b3-39d8-a428-202104178c11","userEditable":false,"renderType":"select","renderOptions":{},"selected":true,"inputProperty":true,"containsConfigurationVariables":false,"sensitive":false,"required":true,"templateProperty":null,"hidden":false,"processorNameTypeKey":"TriggerCleanup-com.thinkbiganalytics.nifi.v2.metadata.TriggerCleanup-Feed Cleanup Event Service","remoteProcessGroupProperty":false,"nameKey":"NiFi Flow-TriggerCleanup-Feed Cleanup Event Service","idKey":"19823ee0-7d64-1370-ffff-ffffd2db3ebe-a05307c8-845e-38d4-9f13-25652797789b-Feed Cleanup Event Service"},{"processGroupName":"NiFi Flow","processorName":"TriggerCleanup","processorId":"a05307c8-845e-38d4-9f13-25652797789b","processGroupId":"19823ee0-7d64-1370-ffff-ffffd2db3ebe","processorType":"com.thinkbiganalytics.nifi.v2.metadata.TriggerCleanup","key":"Metadata Provider Service","value":"6d36426d-0162-1000-9da6-4ca71ef709f1","expressionProperties":null,"propertyDescriptor":{"name":"Metadata Provider Service","displayName":"Metadata Provider Service","description":"Service supplying the implementations of the various metadata providers.","defaultValue":null,"allowableValues":[{"displayName":"Kylo Metadata Service","value":"6d36426d-0162-1000-9da6-4ca71ef709f1","description":null}],"required":true,"sensitive":false,"dynamic":false,"supportsEl":false,"identifiesControllerService":"com.thinkbiganalytics.nifi.core.api.metadata.MetadataProviderService","hidden":false},"templateValue":"13b63bf7-8fa7-35a4-84d7-27810427b27a","userEditable":false,"renderType":"select","renderOptions":{},"selected":true,"inputProperty":true,"containsConfigurationVariables":false,"sensitive":false,"required":true,"templateProperty":null,"hidden":false,"processorNameTypeKey":"TriggerCleanup-com.thinkbiganalytics.nifi.v2.metadata.TriggerCleanup-Metadata Provider Service","remoteProcessGroupProperty":false,"nameKey":"NiFi Flow-TriggerCleanup-Metadata Provider Service","idKey":"19823ee0-7d64-1370-ffff-ffffd2db3ebe-a05307c8-845e-38d4-9f13-25652797789b-Metadata Provider Service"},{"processGroupName":"NiFi Flow","processorName":"TriggerCleanup","processorId":"a05307c8-845e-38d4-9f13-25652797789b","processGroupId":"19823ee0-7d64-1370-ffff-ffffd2db3ebe","processorType":"com.thinkbiganalytics.nifi.v2.metadata.TriggerCleanup","key":"System feed category","value":"${metadata.category.systemName}","expressionProperties":null,"propertyDescriptor":{"name":"System feed category","displayName":"System feed category","description":"The category name of this feed. The default is to have this name automatically set when the feed is created. Normally you do not need to change the default value.","defaultValue":"${metadata.category.systemName}","allowableValues":null,"required":true,"sensitive":false,"dynamic":false,"supportsEl":false,"identifiesControllerService":null,"hidden":false},"templateValue":"${metadata.category.systemName}","userEditable":false,"renderType":"text","renderOptions":{},"selected":true,"inputProperty":true,"containsConfigurationVariables":false,"sensitive":false,"required":true,"templateProperty":null,"hidden":false,"processorNameTypeKey":"TriggerCleanup-com.thinkbiganalytics.nifi.v2.metadata.TriggerCleanup-System feed category","remoteProcessGroupProperty":false,"nameKey":"NiFi Flow-TriggerCleanup-System feed category","idKey":"19823ee0-7d64-1370-ffff-ffffd2db3ebe-a05307c8-845e-38d4-9f13-25652797789b-System feed category"},{"processGroupName":"NiFi Flow","processorName":"TriggerCleanup","processorId":"a05307c8-845e-38d4-9f13-25652797789b","processGroupId":"19823ee0-7d64-1370-ffff-ffffd2db3ebe","processorType":"com.thinkbiganalytics.nifi.v2.metadata.TriggerCleanup","key":"System feed name","value":"${metadata.systemFeedName}","expressionProperties":null,"propertyDescriptor":{"name":"System feed name","displayName":"System feed name","description":"The system name of this feed. The default is to have this name automatically set when the feed is created. Normally you do not need to change the default value.","defaultValue":"${metadata.systemFeedName}","allowableValues":null,"required":true,"sensitive":false,"dynamic":false,"supportsEl":false,"identifiesControllerService":null,"hidden":false},"templateValue":"${metadata.systemFeedName}","userEditable":false,"renderType":"text","renderOptions":{},"selected":true,"inputProperty":true,"containsConfigurationVariables":false,"sensitive":false,"required":true,"templateProperty":null,"hidden":false,"processorNameTypeKey":"TriggerCleanup-com.thinkbiganalytics.nifi.v2.metadata.TriggerCleanup-System feed name","remoteProcessGroupProperty":false,"nameKey":"NiFi Flow-TriggerCleanup-System feed name","idKey":"19823ee0-7d64-1370-ffff-ffffd2db3ebe-a05307c8-845e-38d4-9f13-25652797789b-System feed name"},{"processGroupName":"NiFi Flow","processorName":"Initialize Cleanup Parameters","processorId":"acf5c6ff-00ef-3f2a-a0df-1fbe1b472af2","processGroupId":"19823ee0-7d64-1370-ffff-ffffd2db3ebe","processorType":"false","key":"category","value":"${metadata.category.systemName}","expressionProperties":null,"propertyDescriptor":{"name":"category","displayName":"category","description":"","defaultValue":null,"allowableValues":null,"required":false,"sensitive":false,"dynamic":true,"supportsEl":true,"identifiesControllerService":null,"hidden":false},"templateValue":"${metadata.category.systemName}","userEditable":false,"renderType":"text","renderOptions":{},"selected":true,"inputProperty":false,"containsConfigurationVariables":false,"sensitive":false,"required":false,"templateProperty":null,"hidden":false,"processorNameTypeKey":"Initialize Cleanup Parameters-false-category","remoteProcessGroupProperty":false,"nameKey":"NiFi Flow-Initialize Cleanup Parameters-category","idKey":"19823ee0-7d64-1370-ffff-ffffd2db3ebe-acf5c6ff-00ef-3f2a-a0df-1fbe1b472af2-category"},{"processGroupName":"NiFi Flow","processorName":"Initialize Cleanup Parameters","processorId":"acf5c6ff-00ef-3f2a-a0df-1fbe1b472af2","processGroupId":"19823ee0-7d64-1370-ffff-ffffd2db3ebe","processorType":"false","key":"feed","value":"${metadata.systemFeedName}","expressionProperties":null,"propertyDescriptor":{"name":"feed","displayName":"feed","description":"","defaultValue":null,"allowableValues":null,"required":false,"sensitive":false,"dynamic":true,"supportsEl":true,"identifiesControllerService":null,"hidden":false},"templateValue":"${metadata.systemFeedName}","userEditable":false,"renderType":"text","renderOptions":{},"selected":true,"inputProperty":false,"containsConfigurationVariables":false,"sensitive":false,"required":false,"templateProperty":null,"hidden":false,"processorNameTypeKey":"Initialize Cleanup Parameters-false-feed","remoteProcessGroupProperty":false,"nameKey":"NiFi Flow-Initialize Cleanup Parameters-feed","idKey":"19823ee0-7d64-1370-ffff-ffffd2db3ebe-acf5c6ff-00ef-3f2a-a0df-1fbe1b472af2-feed"},{"processGroupName":"NiFi Flow","processorName":"Initialize Cleanup Parameters","processorId":"acf5c6ff-00ef-3f2a-a0df-1fbe1b472af2","processGroupId":"19823ee0-7d64-1370-ffff-ffffd2db3ebe","processorType":"false","key":"hdfs.ingest.root","value":"${config.hdfs.ingest.root}","expressionProperties":null,"propertyDescriptor":{"name":"hdfs.ingest.root","displayName":"hdfs.ingest.root","description":"","defaultValue":null,"allowableValues":null,"required":false,"sensitive":false,"dynamic":true,"supportsEl":true,"identifiesControllerService":null,"hidden":false},"templateValue":"${config.hdfs.ingest.root}","userEditable":false,"renderType":"text","renderOptions":{},"selected":true,"inputProperty":false,"containsConfigurationVariables":false,"sensitive":false,"required":false,"templateProperty":null,"hidden":false,"processorNameTypeKey":"Initialize Cleanup Parameters-false-hdfs.ingest.root","remoteProcessGroupProperty":false,"nameKey":"NiFi Flow-Initialize Cleanup Parameters-hdfs.ingest.root","idKey":"19823ee0-7d64-1370-ffff-ffffd2db3ebe-acf5c6ff-00ef-3f2a-a0df-1fbe1b472af2-hdfs.ingest.root"},{"processGroupName":"NiFi Flow","processorName":"Initialize Cleanup Parameters","processorId":"acf5c6ff-00ef-3f2a-a0df-1fbe1b472af2","processGroupId":"19823ee0-7d64-1370-ffff-ffffd2db3ebe","processorType":"false","key":"hive.ingest.root","value":"${config.hive.ingest.root}","expressionProperties":null,"propertyDescriptor":{"name":"hive.ingest.root","displayName":"hive.ingest.root","description":"","defaultValue":null,"allowableValues":null,"required":false,"sensitive":false,"dynamic":true,"supportsEl":true,"identifiesControllerService":null,"hidden":false},"templateValue":"${config.hive.ingest.root}","userEditable":false,"renderType":"text","renderOptions":{},"selected":true,"inputProperty":false,"containsConfigurationVariables":false,"sensitive":false,"required":false,"templateProperty":null,"hidden":false,"processorNameTypeKey":"Initialize Cleanup Parameters-false-hive.ingest.root","remoteProcessGroupProperty":false,"nameKey":"NiFi Flow-Initialize Cleanup Parameters-hive.ingest.root","idKey":"19823ee0-7d64-1370-ffff-ffffd2db3ebe-acf5c6ff-00ef-3f2a-a0df-1fbe1b472af2-hive.ingest.root"},{"processGroupName":"NiFi Flow","processorName":"Initialize Cleanup Parameters","processorId":"acf5c6ff-00ef-3f2a-a0df-1fbe1b472af2","processGroupId":"19823ee0-7d64-1370-ffff-ffffd2db3ebe","processorType":"false","key":"hive.master.root","value":"${config.hive.master.root}","expressionProperties":null,"propertyDescriptor":{"name":"hive.master.root","displayName":"hive.master.root","description":"","defaultValue":null,"allowableValues":null,"required":false,"sensitive":false,"dynamic":true,"supportsEl":true,"identifiesControllerService":null,"hidden":false},"templateValue":"${config.hive.master.root}","userEditable":false,"renderType":"text","renderOptions":{},"selected":true,"inputProperty":false,"containsConfigurationVariables":false,"sensitive":false,"required":false,"templateProperty":null,"hidden":false,"processorNameTypeKey":"Initialize Cleanup Parameters-false-hive.master.root","remoteProcessGroupProperty":false,"nameKey":"NiFi Flow-Initialize Cleanup Parameters-hive.master.root","idKey":"19823ee0-7d64-1370-ffff-ffffd2db3ebe-acf5c6ff-00ef-3f2a-a0df-1fbe1b472af2-hive.master.root"},{"processGroupName":"NiFi Flow","processorName":"Initialize Cleanup Parameters","processorId":"acf5c6ff-00ef-3f2a-a0df-1fbe1b472af2","processGroupId":"19823ee0-7d64-1370-ffff-ffffd2db3ebe","processorType":"false","key":"hive.profile.root","value":"${config.hive.profile.root}","expressionProperties":null,"propertyDescriptor":{"name":"hive.profile.root","displayName":"hive.profile.root","description":"","defaultValue":null,"allowableValues":null,"required":false,"sensitive":false,"dynamic":true,"supportsEl":true,"identifiesControllerService":null,"hidden":false},"templateValue":"${config.hive.profile.root}","userEditable":false,"renderType":"text","renderOptions":{},"selected":true,"inputProperty":false,"containsConfigurationVariables":false,"sensitive":false,"required":false,"templateProperty":null,"hidden":false,"processorNameTypeKey":"Initialize Cleanup Parameters-false-hive.profile.root","remoteProcessGroupProperty":false,"nameKey":"NiFi Flow-Initialize Cleanup Parameters-hive.profile.root","idKey":"19823ee0-7d64-1370-ffff-ffffd2db3ebe-acf5c6ff-00ef-3f2a-a0df-1fbe1b472af2-hive.profile.root"}],"nonInputProcessors":[{"properties":[{"processGroupName":"NiFi Flow","processorName":"Initialize Cleanup Parameters","processorId":"acf5c6ff-00ef-3f2a-a0df-1fbe1b472af2","processGroupId":"19823ee0-7d64-1370-ffff-ffffd2db3ebe","processorType":"false","key":"category","value":"${metadata.category.systemName}","expressionProperties":null,"propertyDescriptor":{"name":"category","displayName":"category","description":"","defaultValue":null,"allowableValues":null,"required":false,"sensitive":false,"dynamic":true,"supportsEl":true,"identifiesControllerService":null,"hidden":false},"templateValue":"${metadata.category.systemName}","userEditable":false,"renderType":"text","renderOptions":{},"selected":true,"inputProperty":false,"containsConfigurationVariables":false,"sensitive":false,"required":false,"templateProperty":null,"hidden":false,"processorNameTypeKey":"Initialize Cleanup Parameters-false-category","remoteProcessGroupProperty":false,"nameKey":"NiFi Flow-Initialize Cleanup Parameters-category","idKey":"19823ee0-7d64-1370-ffff-ffffd2db3ebe-acf5c6ff-00ef-3f2a-a0df-1fbe1b472af2-category"},{"processGroupName":"NiFi Flow","processorName":"Initialize Cleanup Parameters","processorId":"acf5c6ff-00ef-3f2a-a0df-1fbe1b472af2","processGroupId":"19823ee0-7d64-1370-ffff-ffffd2db3ebe","processorType":"false","key":"feed","value":"${metadata.systemFeedName}","expressionProperties":null,"propertyDescriptor":{"name":"feed","displayName":"feed","description":"","defaultValue":null,"allowableValues":null,"required":false,"sensitive":false,"dynamic":true,"supportsEl":true,"identifiesControllerService":null,"hidden":false},"templateValue":"${metadata.systemFeedName}","userEditable":false,"renderType":"text","renderOptions":{},"selected":true,"inputProperty":false,"containsConfigurationVariables":false,"sensitive":false,"required":false,"templateProperty":null,"hidden":false,"processorNameTypeKey":"Initialize Cleanup Parameters-false-feed","remoteProcessGroupProperty":false,"nameKey":"NiFi Flow-Initialize Cleanup Parameters-feed","idKey":"19823ee0-7d64-1370-ffff-ffffd2db3ebe-acf5c6ff-00ef-3f2a-a0df-1fbe1b472af2-feed"},{"processGroupName":"NiFi Flow","processorName":"Initialize Cleanup Parameters","processorId":"acf5c6ff-00ef-3f2a-a0df-1fbe1b472af2","processGroupId":"19823ee0-7d64-1370-ffff-ffffd2db3ebe","processorType":"false","key":"hdfs.ingest.root","value":"${config.hdfs.ingest.root}","expressionProperties":null,"propertyDescriptor":{"name":"hdfs.ingest.root","displayName":"hdfs.ingest.root","description":"","defaultValue":null,"allowableValues":null,"required":false,"sensitive":false,"dynamic":true,"supportsEl":true,"identifiesControllerService":null,"hidden":false},"templateValue":"${config.hdfs.ingest.root}","userEditable":false,"renderType":"text","renderOptions":{},"selected":true,"inputProperty":false,"containsConfigurationVariables":false,"sensitive":false,"required":false,"templateProperty":null,"hidden":false,"processorNameTypeKey":"Initialize Cleanup Parameters-false-hdfs.ingest.root","remoteProcessGroupProperty":false,"nameKey":"NiFi Flow-Initialize Cleanup Parameters-hdfs.ingest.root","idKey":"19823ee0-7d64-1370-ffff-ffffd2db3ebe-acf5c6ff-00ef-3f2a-a0df-1fbe1b472af2-hdfs.ingest.root"},{"processGroupName":"NiFi Flow","processorName":"Initialize Cleanup Parameters","processorId":"acf5c6ff-00ef-3f2a-a0df-1fbe1b472af2","processGroupId":"19823ee0-7d64-1370-ffff-ffffd2db3ebe","processorType":"false","key":"hive.ingest.root","value":"${config.hive.ingest.root}","expressionProperties":null,"propertyDescriptor":{"name":"hive.ingest.root","displayName":"hive.ingest.root","description":"","defaultValue":null,"allowableValues":null,"required":false,"sensitive":false,"dynamic":true,"supportsEl":true,"identifiesControllerService":null,"hidden":false},"templateValue":"${config.hive.ingest.root}","userEditable":false,"renderType":"text","renderOptions":{},"selected":true,"inputProperty":false,"containsConfigurationVariables":false,"sensitive":false,"required":false,"templateProperty":null,"hidden":false,"processorNameTypeKey":"Initialize Cleanup Parameters-false-hive.ingest.root","remoteProcessGroupProperty":false,"nameKey":"NiFi Flow-Initialize Cleanup Parameters-hive.ingest.root","idKey":"19823ee0-7d64-1370-ffff-ffffd2db3ebe-acf5c6ff-00ef-3f2a-a0df-1fbe1b472af2-hive.ingest.root"},{"processGroupName":"NiFi Flow","processorName":"Initialize Cleanup Parameters","processorId":"acf5c6ff-00ef-3f2a-a0df-1fbe1b472af2","processGroupId":"19823ee0-7d64-1370-ffff-ffffd2db3ebe","processorType":"false","key":"hive.master.root","value":"${config.hive.master.root}","expressionProperties":null,"propertyDescriptor":{"name":"hive.master.root","displayName":"hive.master.root","description":"","defaultValue":null,"allowableValues":null,"required":false,"sensitive":false,"dynamic":true,"supportsEl":true,"identifiesControllerService":null,"hidden":false},"templateValue":"${config.hive.master.root}","userEditable":false,"renderType":"text","renderOptions":{},"selected":true,"inputProperty":false,"containsConfigurationVariables":false,"sensitive":false,"required":false,"templateProperty":null,"hidden":false,"processorNameTypeKey":"Initialize Cleanup Parameters-false-hive.master.root","remoteProcessGroupProperty":false,"nameKey":"NiFi Flow-Initialize Cleanup Parameters-hive.master.root","idKey":"19823ee0-7d64-1370-ffff-ffffd2db3ebe-acf5c6ff-00ef-3f2a-a0df-1fbe1b472af2-hive.master.root"},{"processGroupName":"NiFi Flow","processorName":"Initialize Cleanup Parameters","processorId":"acf5c6ff-00ef-3f2a-a0df-1fbe1b472af2","processGroupId":"19823ee0-7d64-1370-ffff-ffffd2db3ebe","processorType":"false","key":"hive.profile.root","value":"${config.hive.profile.root}","expressionProperties":null,"propertyDescriptor":{"name":"hive.profile.root","displayName":"hive.profile.root","description":"","defaultValue":null,"allowableValues":null,"required":false,"sensitive":false,"dynamic":true,"supportsEl":true,"identifiesControllerService":null,"hidden":false},"templateValue":"${config.hive.profile.root}","userEditable":false,"renderType":"text","renderOptions":{},"selected":true,"inputProperty":false,"containsConfigurationVariables":false,"sensitive":false,"required":false,"templateProperty":null,"hidden":false,"processorNameTypeKey":"Initialize Cleanup Parameters-false-hive.profile.root","remoteProcessGroupProperty":false,"nameKey":"NiFi Flow-Initialize Cleanup Parameters-hive.profile.root","idKey":"19823ee0-7d64-1370-ffff-ffffd2db3ebe-acf5c6ff-00ef-3f2a-a0df-1fbe1b472af2-hive.profile.root"}],"type":"false","name":"Initialize Cleanup Parameters","id":"acf5c6ff-00ef-3f2a-a0df-1fbe1b472af2","groupName":"NiFi Flow","groupId":"19823ee0-7d64-1370-ffff-ffffd2db3ebe","inputProcessor":false,"userDefinedInputProcessor":false}],"inputProcessors":[{"properties":[{"processGroupName":"NiFi Flow","processorName":"ConsumeKafka","processorId":"6d8ee10e-45b3-3b52-b2b6-b08adea124fa","processGroupId":"19823ee0-7d64-1370-ffff-ffffd2db3ebe","processorType":"org.apache.nifi.processors.kafka.pubsub.ConsumeKafka","key":"auto.offset.reset","value":"latest","expressionProperties":null,"propertyDescriptor":{"name":"auto.offset.reset","displayName":"Offset Reset","description":"Allows you to manage the condition when there is no initial offset in Kafka or if the current offset does not exist any more on the server (e.g. because that data has been deleted). Corresponds to Kafka's 'auto.offset.reset' property.","defaultValue":"latest","allowableValues":[{"displayName":"earliest","value":"earliest","description":"Automatically reset the offset to the earliest offset"},{"displayName":"latest","value":"latest","description":"Automatically reset the offset to the latest offset"},{"displayName":"none","value":"none","description":"Throw exception to the consumer if no previous offset is found for the consumer's group"}],"required":true,"sensitive":false,"dynamic":false,"supportsEl":false,"identifiesControllerService":null,"hidden":false},"templateValue":"latest","userEditable":true,"renderType":"select","renderOptions":{},"selected":true,"inputProperty":true,"containsConfigurationVariables":false,"sensitive":false,"required":true,"templateProperty":null,"hidden":false,"processorNameTypeKey":"ConsumeKafka-org.apache.nifi.processors.kafka.pubsub.ConsumeKafka-auto.offset.reset","remoteProcessGroupProperty":false,"nameKey":"NiFi Flow-ConsumeKafka-auto.offset.reset","idKey":"19823ee0-7d64-1370-ffff-ffffd2db3ebe-6d8ee10e-45b3-3b52-b2b6-b08adea124fa-auto.offset.reset"},{"processGroupName":"NiFi Flow","processorName":"ConsumeKafka","processorId":"6d8ee10e-45b3-3b52-b2b6-b08adea124fa","processGroupId":"19823ee0-7d64-1370-ffff-ffffd2db3ebe","processorType":"org.apache.nifi.processors.kafka.pubsub.ConsumeKafka","key":"bootstrap.servers","value":"nifi-staging.novalocal:9092","expressionProperties":null,"propertyDescriptor":{"name":"bootstrap.servers","displayName":"Kafka Brokers","description":"A comma-separated list of known Kafka Brokers in the format <host>:<port>","defaultValue":"localhost:9092","allowableValues":null,"required":true,"sensitive":false,"dynamic":false,"supportsEl":true,"identifiesControllerService":null,"hidden":false},"templateValue":"nifi-staging.novalocal:9092","userEditable":true,"renderType":"text","renderOptions":{},"selected":true,"inputProperty":true,"containsConfigurationVariables":false,"sensitive":false,"required":true,"templateProperty":null,"hidden":false,"processorNameTypeKey":"ConsumeKafka-org.apache.nifi.processors.kafka.pubsub.ConsumeKafka-bootstrap.servers","remoteProcessGroupProperty":false,"nameKey":"NiFi Flow-ConsumeKafka-bootstrap.servers","idKey":"19823ee0-7d64-1370-ffff-ffffd2db3ebe-6d8ee10e-45b3-3b52-b2b6-b08adea124fa-bootstrap.servers"},{"processGroupName":"NiFi Flow","processorName":"ConsumeKafka","processorId":"6d8ee10e-45b3-3b52-b2b6-b08adea124fa","processGroupId":"19823ee0-7d64-1370-ffff-ffffd2db3ebe","processorType":"org.apache.nifi.processors.kafka.pubsub.ConsumeKafka","key":"group.id","value":"1","expressionProperties":null,"propertyDescriptor":{"name":"group.id","displayName":"Group ID","description":"A Group ID is used to identify consumers that are within the same consumer group. Corresponds to Kafka's 'group.id' property.","defaultValue":null,"allowableValues":null,"required":true,"sensitive":false,"dynamic":false,"supportsEl":false,"identifiesControllerService":null,"hidden":false},"templateValue":null,"userEditable":true,"renderType":"text","renderOptions":{},"selected":true,"inputProperty":true,"containsConfigurationVariables":false,"sensitive":false,"required":true,"templateProperty":null,"hidden":false,"processorNameTypeKey":"ConsumeKafka-org.apache.nifi.processors.kafka.pubsub.ConsumeKafka-group.id","remoteProcessGroupProperty":false,"nameKey":"NiFi Flow-ConsumeKafka-group.id","idKey":"19823ee0-7d64-1370-ffff-ffffd2db3ebe-6d8ee10e-45b3-3b52-b2b6-b08adea124fa-group.id"},{"processGroupName":"NiFi Flow","processorName":"ConsumeKafka","processorId":"6d8ee10e-45b3-3b52-b2b6-b08adea124fa","processGroupId":"19823ee0-7d64-1370-ffff-ffffd2db3ebe","processorType":"org.apache.nifi.processors.kafka.pubsub.ConsumeKafka","key":"key-attribute-encoding","value":"utf-8","expressionProperties":null,"propertyDescriptor":{"name":"key-attribute-encoding","displayName":"Key Attribute Encoding","description":"FlowFiles that are emitted have an attribute named 'kafka.key'. This property dictates how the value of the attribute should be encoded.","defaultValue":"utf-8","allowableValues":[{"displayName":"UTF-8 Encoded","value":"utf-8","description":"The key is interpreted as a UTF-8 Encoded string."},{"displayName":"Hex Encoded","value":"hex","description":"The key is interpreted as arbitrary binary data and is encoded using hexadecimal characters with uppercase letters"}],"required":true,"sensitive":false,"dynamic":false,"supportsEl":false,"identifiesControllerService":null,"hidden":false},"templateValue":"utf-8","userEditable":true,"renderType":"select","renderOptions":{},"selected":true,"inputProperty":true,"containsConfigurationVariables":false,"sensitive":false,"required":true,"templateProperty":null,"hidden":false,"processorNameTypeKey":"ConsumeKafka-org.apache.nifi.processors.kafka.pubsub.ConsumeKafka-key-attribute-encoding","remoteProcessGroupProperty":false,"nameKey":"NiFi Flow-ConsumeKafka-key-attribute-encoding","idKey":"19823ee0-7d64-1370-ffff-ffffd2db3ebe-6d8ee10e-45b3-3b52-b2b6-b08adea124fa-key-attribute-encoding"},{"processGroupName":"NiFi Flow","processorName":"ConsumeKafka","processorId":"6d8ee10e-45b3-3b52-b2b6-b08adea124fa","processGroupId":"19823ee0-7d64-1370-ffff-ffffd2db3ebe","processorType":"org.apache.nifi.processors.kafka.pubsub.ConsumeKafka","key":"sasl.kerberos.service.name","value":null,"expressionProperties":null,"propertyDescriptor":{"name":"sasl.kerberos.service.name","displayName":"Kerberos Service Name","description":"The Kerberos principal name that Kafka runs as. This can be defined either in Kafka's JAAS config or in Kafka's config. Corresponds to Kafka's 'security.protocol' property.It is ignored unless one of the SASL options of the <Security Protocol> are selected.","defaultValue":null,"allowableValues":null,"required":false,"sensitive":false,"dynamic":false,"supportsEl":false,"identifiesControllerService":null,"hidden":false},"templateValue":null,"userEditable":false,"renderType":"text","renderOptions":{},"selected":true,"inputProperty":true,"containsConfigurationVariables":false,"sensitive":false,"required":false,"templateProperty":null,"hidden":false,"processorNameTypeKey":"ConsumeKafka-org.apache.nifi.processors.kafka.pubsub.ConsumeKafka-sasl.kerberos.service.name","remoteProcessGroupProperty":false,"nameKey":"NiFi Flow-ConsumeKafka-sasl.kerberos.service.name","idKey":"19823ee0-7d64-1370-ffff-ffffd2db3ebe-6d8ee10e-45b3-3b52-b2b6-b08adea124fa-sasl.kerberos.service.name"},{"processGroupName":"NiFi Flow","processorName":"ConsumeKafka","processorId":"6d8ee10e-45b3-3b52-b2b6-b08adea124fa","processGroupId":"19823ee0-7d64-1370-ffff-ffffd2db3ebe","processorType":"org.apache.nifi.processors.kafka.pubsub.ConsumeKafka","key":"security.protocol","value":"PLAINTEXT","expressionProperties":null,"propertyDescriptor":{"name":"security.protocol","displayName":"Security Protocol","description":"Protocol used to communicate with brokers. Corresponds to Kafka's 'security.protocol' property.","defaultValue":"PLAINTEXT","allowableValues":[{"displayName":"PLAINTEXT","value":"PLAINTEXT","description":"PLAINTEXT"},{"displayName":"SSL","value":"SSL","description":"SSL"},{"displayName":"SASL_PLAINTEXT","value":"SASL_PLAINTEXT","description":"SASL_PLAINTEXT"},{"displayName":"SASL_SSL","value":"SASL_SSL","description":"SASL_SSL"}],"required":true,"sensitive":false,"dynamic":false,"supportsEl":false,"identifiesControllerService":null,"hidden":false},"templateValue":"PLAINTEXT","userEditable":true,"renderType":"select","renderOptions":{},"selected":true,"inputProperty":true,"containsConfigurationVariables":false,"sensitive":false,"required":true,"templateProperty":null,"hidden":false,"processorNameTypeKey":"ConsumeKafka-org.apache.nifi.processors.kafka.pubsub.ConsumeKafka-security.protocol","remoteProcessGroupProperty":false,"nameKey":"NiFi Flow-ConsumeKafka-security.protocol","idKey":"19823ee0-7d64-1370-ffff-ffffd2db3ebe-6d8ee10e-45b3-3b52-b2b6-b08adea124fa-security.protocol"},{"processGroupName":"NiFi Flow","processorName":"ConsumeKafka","processorId":"6d8ee10e-45b3-3b52-b2b6-b08adea124fa","processGroupId":"19823ee0-7d64-1370-ffff-ffffd2db3ebe","processorType":"org.apache.nifi.processors.kafka.pubsub.ConsumeKafka","key":"ssl.context.service","value":"140e4953-0165-1000-ffff-ffff9ac2f379","expressionProperties":null,"propertyDescriptor":{"name":"ssl.context.service","displayName":"SSL Context Service","description":"Specifies the SSL Context Service to use for communicating with Kafka.","defaultValue":null,"allowableValues":[{"displayName":"StandardSSLContextService","value":"140e4953-0165-1000-ffff-ffff9ac2f379","description":null}],"required":false,"sensitive":false,"dynamic":false,"supportsEl":false,"identifiesControllerService":"org.apache.nifi.ssl.SSLContextService","hidden":false},"templateValue":null,"userEditable":true,"renderType":"select","renderOptions":{"selectCustom":"false"},"selected":true,"inputProperty":true,"containsConfigurationVariables":false,"sensitive":false,"required":false,"templateProperty":null,"hidden":false,"processorNameTypeKey":"ConsumeKafka-org.apache.nifi.processors.kafka.pubsub.ConsumeKafka-ssl.context.service","remoteProcessGroupProperty":false,"nameKey":"NiFi Flow-ConsumeKafka-ssl.context.service","idKey":"19823ee0-7d64-1370-ffff-ffffd2db3ebe-6d8ee10e-45b3-3b52-b2b6-b08adea124fa-ssl.context.service"},{"processGroupName":"NiFi Flow","processorName":"ConsumeKafka","processorId":"6d8ee10e-45b3-3b52-b2b6-b08adea124fa","processGroupId":"19823ee0-7d64-1370-ffff-ffffd2db3ebe","processorType":"org.apache.nifi.processors.kafka.pubsub.ConsumeKafka","key":"topic","value":null,"expressionProperties":null,"propertyDescriptor":{"name":"topic","displayName":"Topic Name(s)","description":"The name of the Kafka Topic(s) to pull from. More than one can be supplied if comma separated.","defaultValue":null,"allowableValues":null,"required":true,"sensitive":false,"dynamic":false,"supportsEl":true,"identifiesControllerService":null,"hidden":false},"templateValue":null,"userEditable":true,"renderType":"text","renderOptions":{},"selected":true,"inputProperty":true,"containsConfigurationVariables":false,"sensitive":false,"required":true,"templateProperty":null,"hidden":false,"processorNameTypeKey":"ConsumeKafka-org.apache.nifi.processors.kafka.pubsub.ConsumeKafka-topic","remoteProcessGroupProperty":false,"nameKey":"NiFi Flow-ConsumeKafka-topic","idKey":"19823ee0-7d64-1370-ffff-ffffd2db3ebe-6d8ee10e-45b3-3b52-b2b6-b08adea124fa-topic"}],"type":"org.apache.nifi.processors.kafka.pubsub.ConsumeKafka","name":"ConsumeKafka","id":"6d8ee10e-45b3-3b52-b2b6-b08adea124fa","groupName":"NiFi Flow","groupId":"19823ee0-7d64-1370-ffff-ffffd2db3ebe","inputProcessor":true,"userDefinedInputProcessor":false}],"remoteProcessGroups":null,"id":"1179ee2f-19f3-4ef9-8bcd-27afadb2404e","nifiTemplateId":"6c9db99c-f618-348f-9944-d8ed10ec9d90","templateName":"Kafka Ingest","updateDate":1535991253501,"createDate":1535991253501,"icon":null,"iconColor":null,"description":null,"state":"ENABLED","defineTable":false,"reusableTemplate":false,"reusableTemplateConnections":[{"feedOutputPortName":"to-kafka-ingest-cleanup","reusableTemplateInputPortName":"kafka-ingest-cleanup","inputPortDisplayName":"kafka-ingest-cleanup","reusableTemplateProcessGroupName":"kafka-ingest"},{"feedOutputPortName":"kafka-to-ingest","reusableTemplateInputPortName":"kafka-ingest","inputPortDisplayName":"kafka-ingest","reusableTemplateProcessGroupName":"kafka-ingest"}],"registeredDatasourceDefinitions":[{"processorType":"org.apache.nifi.processors.kafka.pubsub.ConsumeKafka","processorName":"ConsumeKafka","processorId":"6d8ee10e-45b3-3b52-0000-000000000000","datasourceDefinition":{"processorType":"org.apache.nifi.processors.kafka.pubsub.ConsumeKafka","connectionType":"SOURCE","datasourcePropertyKeys":["Topic Name(s)"],"datasourceType":"KafkaDatasource","identityString":"${Topic Name(s)}","description":null,"title":"${Topic Name(s)}"}},{"processorType":"org.apache.nifi.processors.standard.PutFile","processorName":"Save read file","processorId":"ab4f04ad-8fea-34e9-0000-000000000000","datasourceDefinition":{"processorType":"org.apache.nifi.processors.standard.PutFile","connectionType":"DESTINATION","datasourcePropertyKeys":["Directory"],"datasourceType":"DirectoryDatasource","identityString":"${Directory}","description":null,"title":"${Directory}"}},{"processorType":"org.apache.nifi.processors.standard.PutFile","processorName":"Save failed unzip file","processorId":"74ba499a-8d24-33de-0000-000000000000","datasourceDefinition":{"processorType":"org.apache.nifi.processors.standard.PutFile","connectionType":"DESTINATION","datasourcePropertyKeys":["Directory"],"datasourceType":"DirectoryDatasource","identityString":"${Directory}","description":null,"title":"${Directory}"}}],"order":8,"templateOrder":null,"feedsCount":0,"templateTableOption":"NO_TABLE","timeBetweenStartingBatchJobs":1000,"stream":false,"allowPreconditions":false,"dataTransformation":false,"isStream":false}